Population,1951,1952,1953,1954,1955,1956,1957,1958,1959,1960,1961,1962,1963,1964,1965,1966,1967,1968,1969,1970,1971,1972,1973,1974,1975,1976,1977,1978,1979,1980,1981,1982,1983,1984,1985,1986,1987,1988,1989,1990,1991,1992,1993,1994,1995,1996,1997,1998,1999,2000,2001,2002,2003,2004,2005,2006,2007,2008,2009,2010,2011,2012,2013,2014,2015,2016,2017
Afghanistan,,,,,,,,,,,,,,,,,,,,,,,,,,,,,,,,,,,,,,,,50,38,60025,47132,369657,180543,293998,311057,326994,258688,758653,1200006,1418521,266428,186999,159597,139793,161776,237170,304404,1199987,1480677,1400742,945531,1307176,1705912,1971671,2454448
Albania,,,,,,,,,,,,,,,,,,,,,,,,,,,,,,,,,,,,,,,,,,3000,3000,3000,4720,4926,30,22332,439720,674,5202,85,122,92,92,93,99,93,91,99,106,7560,7767,8032,8377,7811,7321
Algeria,,,,,,,,,,,,,,,,,,,,500,,,,,21000,39580,52000,52000,52000,52000,167000,167000,167000,167000,174160,167220,167000,170000,246973,169110,169174,219384,219067,219073,214594,192490,173148,189970,165290,169969,169531,169239,169036,169054,94407,95121,95734,94991,94290,94448,94964,95876,96894,101381,101634,100987,100595
Angola,,,,,,,,,,,,,,,,,,,,,,,,,,10000,235000,249190,146550,75000,91700,96280,98880,99130,91520,92250,92150,90400,12899,11557,13122,11002,99027,314994,11807,9969,9366,10615,13075,271023,215153,215180,14390,14903,14914,14678,14990,15895,33455,19396,19391,43750,43831,45686,45700,45708,71251
Anguilla,,,,,,,,,,,,,,,,,,,,,,,,,,,,,,,,,,,,,,,,,,,,,,,,,,,,,,,,,,,,,,,,,1,1,0
Antigua and Barbuda,,,,,,,,,,,,,,,,,,,,,,,,,,,,,,,,,,,,,,,,,,,,,,,,,,,,,,,,,4,,,0,,,1,0,15,4,0
Argentina,,,,,,,,,,,,,,,,,,,32000,35000,34000,33000,37000,47000,46000,41010,35000,26920,27610,26520,26570,11630,11500,11500,15300,14000,13790,13968,13694,13285,12339,12085,12018,12879,10619,10526,10522,2275,2370,3671,3939,4010,3864,3914,3901,4045,4350,3580,3986,4223,4578,5409,4278,4359,4293,7465,64405
Armenia,,,,,,,,,,,,,,,,,,,,,,,,,,,,,,,,,,,,,,,,,,300000,411000,406039,334450,290950,291000,310012,296216,280591,264338,247553,239325,235303,219620,113792,4664,4125,85877,85844,85892,8772,13990,17917,19696,18480,18803
Aruba,,,,,,,,,,,,,,,,,,,,,,,,,,,,,,,,,,,,,,,,,,,,,,,,,,,,,,,,,,,,1,4,6,7,5,2,5,17
Australia,180000,,,,,,,,,,,,,,40000,40000,44000,43000,42000,42000,,,,,,,,304000,304000,304000,317002,317000,317000,89000,89000,85900,87600,90970,97915,97915,53117,52604,53705,57648,62196,67367,66074,69746,68368,72010,69477,67019,59390,68508,66794,70384,23695,23089,24904,25580,29361,41797,48408,57101,57594,71778,96461
Austria,282000,238200,215200,150000,110000,140000,68000,53000,44000,39000,34000,30000,27000,25000,25000,24500,24000,24000,25000,25300,25000,25000,25000,25000,20000,25000,20000,20000,25000,15525,17899,34963,37298,39099,40534,41176,41228,39830,39405,34938,34508,62355,57692,40737,34385,93116,88394,81094,86198,27080,30093,44659,50451,56811,62770,68967,69993,75013,72557,68725,72046,74712,78956,92583,153263,170596,172523
Azerbaijan,,,,,,,,,,,,,,,,,,,,,,,,,,,,,,,,,,,,,,,,,,246000,1006840,894735,855782,782722,784792,797956,791193,627790,587300,588233,585195,618815,584313,692023,691598,607934,590298,596877,602734,605526,614290,628190,623373,618321,617602
Bahamas,,,,,,,,,,,,,,,,,,,,,,,,,,,,,,,,,,,,,,,,,,1354,422,,8,48,60,80,100,103,,,,,,,,,,37,42,52,27,105,115,31,22
Bahrain,,,,,,,,,,,,,,,,,,,,,,,,60,,,,,,,,,,,800,,2360,50,150,1780,,,,,,,,,1,3,1,1,1,6,15,18,35,97,151,234,359,339,346,353,371,382,360
Bangladesh,,,,,,,,,,,,,,,,,,,,,,,,104320,,,,200000,150680,,,,,,,,,,,145,40260,253684,245085,201534,112623,53741,31675,22384,23348,22955,22477,22808,23040,270669,271250,326390,27626,28392,228586,229253,229673,230702,231159,232485,231958,276208,932320
Barbados,,,,,,,,,,,,,,,,,,,,,,,,,,,,,,,,,,,,,,,,,,,,,,,,,,,,,,,,,,,,,,1,1,1,,2,0
Belarus,,,,,,,,,,,,,,,,,,,,,,,,,,,,,,,,,,,,,,,,,,,,1822,28988,30526,160050,175991,160260,160869,35505,20474,17343,13737,13202,12046,11112,10901,8470,8389,8036,7607,7404,7624,7728,8063,8432
Belgium,55000,53500,53000,53000,53000,65000,69000,63000,58000,55000,53000,51000,50000,47000,47000,40000,34000,33000,30000,31500,29000,29000,20000,11100,16788,17000,17000,17000,32000,33000,35000,21000,35000,36400,36601,35900,22000,23117,25531,25911,24071,24292,24908,19509,31704,36140,36060,15607,17864,68002,13279,33082,35444,36698,34593,33139,33308,31865,34512,36876,42107,41053,39578,41718,77128,68909,68602
Belize,,,,,,,,,,,,,,,,,,,,,,,,,,,,,,4000,7000,3200,7000,8180,9000,9000,10000,30100,30150,30717,29969,20761,9077,8972,8834,8675,8475,23537,22928,9812,1153,1063,869,763,638,489,360,284,251,166,133,104,84,124,812,4140,5894
Benin,,,,,,,,,,,,,,,,,,,1100,,,,,,,,,,,,,,50,800,3700,3740,3050,1176,1268,776,776,573,156654,163133,70519,21739,6457,2924,3671,4391,5053,5365,6074,6131,32066,14406,10261,7716,7536,7287,7680,5237,542,494,714,1038,1316
Bhutan,,,,,,,,,,,,,,,,3000,,,,,,,,,,,,,,,,,,,,,,,,,,,,,,,,,,,,,,,,,,,,,,,,,,,
Bolivia (Plurinational State of),,,,,,,,,,,,,,,,,,,,,,700,700,700,,,,500,500,500,500,,,,170,120,170,220,270,250,341,491,669,736,681,705,333,356,354,354,358,371,528,546,540,587,794,755,713,739,734,741,754,779,775,789,767
Bonaire,,,,,,,,,,,,,,,,,,,,,,,,,,,,,,,,,,,,,,,,,,,,,,,,,,,,,,,,,,,,1,,,,,,,
Bosnia and Herzegovina,,,,,,,,,,,,,,,,,,,,,,,,,,,,,,,,,,,,,,,,,,,1290000,1282600,1097800,760146,914360,906117,965353,624881,558311,469774,393430,350717,199518,151320,144139,193963,182664,178959,177653,177260,163730,144107,157708,156171,152987
Botswana,,,,,,,,,,,,,,,,,,3980,3600,4360,8890,4500,4500,2480,3150,2840,4810,31080,23700,23740,1290,1300,4660,4970,5680,5560,5300,3025,1261,1249,1404,1097,590,503,276,232,283,2137,2677,3624,4303,4803,3921,3935,3748,3195,3003,3214,3281,3346,3648,3535,3454,2916,2317,2842,2474
Brazil,,,,,,,,,,,,,,,,,,,40000,40000,38000,37000,35200,34000,32000,30000,36000,35000,25000,24000,24000,5400,5400,5400,5350,5300,5280,5332,5331,5335,5389,5489,6226,2340,2119,2218,2263,2348,2378,3265,3533,3743,3773,3795,7746,20906,21210,4382,4515,5237,9153,11711,22165,47946,35790,68087,148597
British Virgin Islands,,,,,,,,,,,,,,,,,,,,,,,,,,,,,,,,,,,,,,,,,,,,,,,,,,,,,,,,,,,6,2,2,2,3,0,,,0
Brunei Darussalam,,,,,,,,,,,,,,,,,,,,,,,,,,,,,,,,,,,,,,,,,,,,,,,,,,,,,,,,,,,,20992,20992,21009,20524,20524,20524,20524,20524
Bulgaria,,,,,,,,,,,,,,,,,,,,,,,,,,,,,,,,,,,,,,,,,,218,450,1063,1323,1562,398,240,568,2793,4553,4803,4834,5605,5218,5365,5848,6208,6589,6942,7072,3558,8880,17895,26134,33923,21918
Burkina Faso,,,,,,,,,,,,,,,,,,,,,,,,,,,,,,,,,70,100,90,220,270,260,360,350,380,5670,6604,50000,34181,29777,19504,2231,676,1013,711,834,980,1016,1302,1273,1153,1168,1070,1074,1213,40033,33791,39842,35834,36154,26548
Burundi,,,,,,,,,,,30000,30000,34000,78000,81500,94700,79000,77200,72200,46000,39950,43390,49100,48730,49550,49580,50000,83220,52610,234560,234750,253330,256010,274750,269990,267750,267500,267500,267455,268403,270136,271955,272050,728301,430681,1031860,611678,140838,92027,90323,97927,149765,54119,71905,53569,35265,32406,126503,131361,200765,126314,128765,132606,136846,84427,203951,195513
Cabo Verde,,,,,,,,,,,,,,,,,,,,,,,,,,,,,,,,,,,,,,,,,3,2,1,,,,,,456,73,,,,,1,,,,,,,,,115,115,115,115
Cambodia,,,,,,,,,,,,,,10000,15000,17000,20000,22000,22000,20000,,,,,,,,,,,,,,,,,,,,,,,5,124110,49715,29425,37913,22,22,201,1101,281,154,711,402,349,481,540,285,180,134,103,84,104,301,246,105
Cameroon,,,,,,,,,,,,,,,,,,,,8000,,,,,30000,30000,30000,30000,20240,128000,266020,172710,4250,18690,35150,54530,59560,53980,51360,52306,50737,45663,44615,44345,45792,47146,47732,48039,49245,47600,46859,63596,64416,65397,66252,39287,62436,87699,102326,106724,106274,104192,123492,275925,470903,601994,598552
Canada,168511,154828,107004,75828,52551,17485,46334,46908,47934,48629,44492,12282,10946,10178,9980,10225,9991,17950,19275,18518,17196,20933,13358,11410,16349,27387,29537,31295,57913,92679,96415,107591,120947,112966,92194,98743,104843,116434,135752,154761,170916,183723,183316,186601,152125,138435,125184,119374,125103,157604,175224,183206,174791,168717,167735,175443,213258,227872,230611,216581,207353,196947,182792,165914,155554,121267,160419
Cayman Islands,,,,,,,,,,,,,,,,,,,,,,,,,,,,,,,,,,,,,,,,,,,,,,,,,,,,,,,,,,,5,5,4,3,11,53,16,42,50
Central African Rep.,,,,,,,,,,,,,,3300,20560,43000,38700,34000,24900,27220,30000,58290,23000,5000,5000,,,,1000,7000,8030,8310,6790,42210,73200,28200,11300,4438,3163,5614,13123,20000,44523,47899,44088,37793,42169,43903,51679,57799,53528,57382,48614,29802,28696,174109,219387,205900,225281,215324,202570,104533,911706,1064786,483143,424212,866937
Chad,,,,,,,,,,,,,,,,,,,,,,,,,,,,,,,,,,,,,,,,,,70,70,109,103,100,302,8817,23480,18257,18579,34613,146659,259893,275480,408002,473044,556945,530828,533049,535023,518499,471516,517802,523658,604133,612181
Chile,,,,,,,,,,,,,,,,,,,6500,6000,7000,7000,9500,3700,3300,4000,5200,3080,2000,1500,1500,2500,2500,2500,540,,,300,300,58,72,142,239,217,283,363,276,305,337,443,459,449,515,656,913,1479,1894,2503,2037,1895,2038,2048,2164,2346,2913,4960,96993
China,,,,,,,,,,,,,,,,1070,,,,,,,,,,,,,250000,263000,265000,272100,276630,279750,279670,281790,280600,284300,284300,287276,290314,289834,287707,287474,288376,290857,292060,292527,293299,294123,295328,297284,299397,299426,301126,301129,301170,301003,301037,301108,301049,301302,301427,301519,301730,317923,322416
"China, Hong Kong SAR",30000,,,22000,,,,,,,,,,1120000,1251200,1250040,,,,1000,1000,50,,,,,,63410,56460,30520,13540,12620,12770,11960,9400,8000,9530,15359,12896,13623,12080,14938,14149,7639,3154,15970,6341,1097,1053,1082,1897,1722,2099,2539,3031,4347,2021,1217,877,643,751,954,2000,2420,2450,110,83
"China, Macao SAR",,,,,,,,,,,,,,80000,80000,73770,74000,70000,65000,66000,70000,80000,,,,,,850,3490,2920,2720,970,800,730,700,600,500,440,422,205,116,15,11,9,8,,,,,,,,,,,,,,12,10,11,6,6,6,7,5,0
Colombia,,,,,,,,,,,,,,,,,,,,1500,1400,1350,1450,1200,,,1800,1500,2000,2000,1800,150,210,330,400,240,680,720,700,570,510,478,310,333,224,220,223,226,233,525516,720238,950218,1244391,2000177,2000205,3000235,3000273,3000263,3304302,3672444,3888660,3943817,5368445,6044546,6939420,7411471,7747330
Comoros,,,,,,,,,,,,,,,,,,,,,,,,,,,,,,,,,,,,,,,,60,,350,,,,,,,9,12,13,3,,,1,1,,,,,,,,,,,
Congo,,,,,,,,,,,,,,,,,,,500,500,,,,10000,5000,,,1000,,,80,,1000,1000,1200,1580,2120,2210,3491,3040,3595,3565,13757,15522,19433,20451,22452,28221,40719,125480,123979,112002,102517,72930,77640,75207,65019,41634,116459,138695,145395,149349,117680,69369,52427,71609,167289
Costa Rica,,,,,,,,,,,,,,,,,,,,,,700,,200,,,3500,133000,53610,25060,15000,16600,16910,17210,24000,31200,31860,279560,279910,283020,123132,116632,25189,24649,24230,24307,23114,23042,22928,6616,10699,12522,13585,10636,11476,16902,17701,18601,19703,19920,20517,21087,21186,23718,8705,7953,11962
Croatia,,,,,,,,,,,,,,,,,,,,,,,,,,,,,,,,,,,,,,,,,,403000,631000,490600,396847,332403,153505,130050,107184,75501,59524,36349,23907,16736,10867,7740,5761,32833,27664,25480,23944,23998,19875,19593,17538,18252,11817
Cuba,,,,,,,,,,,,,,,,,,,,,,,,1300,,,2600,4000,3060,3150,2000,2000,2000,2000,2000,2120,2000,2000,3990,3988,,8152,5413,2744,1965,1755,1281,1080,972,967,1052,1008,842,800,738,696,631,536,459,423,386,374,386,291,328,343,364
CuraÁao,,,,,,,,,,,,,,,,,,,,,,,,,,,,,,,,,,,,,,,,,,,,,,,,,,,,,,,,,,,,9,12,40,61,78,78,111,803
CÙte d'Ivoire,,,,,,,,,,,,,,,,,,,12000,,300,,,,300000,500070,,,,,,,450,650,810,880,860,800,480,272281,230290,174076,260944,363143,298310,327827,209089,251746,170062,151217,130684,168004,136385,129064,115120,753970,741425,734172,711209,564542,620481,863432,748768,726652,1011420,695806,702386
Cyprus,,,,,,,,,,,,,,,,,,200,200,200,200,200,,,,,700,,,,,7240,,,,,,400,,273,110,80,265082,265070,265056,265072,265049,265084,135,582,1943,2216,5431,10559,13769,13432,13087,9479,7903,8790,6562,6267,6534,7603,15319,17572,21033
Czech Rep.,,,,,,,,,,,,,,,,,,,,,,,,,,,,,,,,,,,,,,,,,691,9399,196,1186,2655,2555,5231,5548,4403,6310,12827,9122,5270,2744,2726,4765,4223,3560,3590,3515,3358,4882,4798,5119,5807,5921,5917
Dem. People's Rep. of Korea,,,,,,,,,,,,,,,,,,,,,,,,,,,,,,,,,,,,,,,,,,,,,,,,,,,,,,,,,,,,,,,,,16,,
Dem. Rep. of the Congo,,,,,,,,,,150000,203000,223000,237000,236000,266300,357100,434100,475400,496550,493000,484250,510250,496060,503250,510000,515000,530300,713330,780480,841110,616740,621400,306610,353520,342140,304000,336050,342485,346569,423435,518169,505967,582679,2179382,1536358,1558590,541130,291891,393521,371910,393903,392031,338636,245990,251916,1821497,2515749,1636222,2332901,2363859,2699723,3139243,3753776,3610762,2701323,3327664,5144920
Denmark,2000,1800,1600,1400,1300,2500,2500,2500,2400,2300,2200,2200,2200,,,,,,,2000,4400,3687,3687,2900,2125,2100,1764,1800,1800,1800,1800,1800,3600,8500,8500,23000,30000,27310,30747,32906,36110,39118,44564,49558,64844,67105,68443,69202,70337,78345,79250,79124,72373,66294,45457,38104,28189,27666,25177,24523,18712,17706,19383,26840,36863,47456,47888
Djibouti,,,,,,,,,,,,,,,,,,,,,,,,,,,8000,20000,28800,45310,50900,34200,34310,31030,17280,17150,16730,6502,31869,77606,98974,31180,34314,43532,51246,29282,23813,24858,23599,26503,23810,24285,28941,26483,18143,10522,8993,9661,13032,15843,22248,22234,23856,24362,22006,25930,26993
Dominica,,,,,,,,,,,,,,,,,,,,,,,,,,,,,,,,,,,,,,,,,,,,,,,,,,,,,,,,,,,,0,0,,,,,,
Dominican Rep.,,,,,,,,,,,,,,,,,,,,1000,1000,1100,,1000,,,500,300,3300,3800,5000,5000,5000,5130,6000,6000,7070,5356,3810,2116,1971,2030,1340,1972,1529,1000,638,614,625,535,,,,,,,,,,2358,2380,1525,211549,211354,135143,1388,1438
Ecuador,,,,,,,,,,,,,,,,,,,,,,200,,200,,,200,,600,700,640,680,770,930,1030,870,710,805,757,670,540,354,401,310,212,216,227,249,1521,1789,4307,5893,8950,10113,262553,267310,292324,135317,167189,171136,145012,138397,134793,133749,133128,127436,145274
Egypt,,,,,,,,,,,,,,470,5000,,,,4800,5000,5020,7370,2600,4000,4000,4000,4560,5000,4850,1440,1580,5500,35000,5500,1090,1080,1150,1620,1740,2041,2245,5779,6712,7264,5412,6486,6498,6302,6559,18038,22900,92778,94230,99250,100154,105407,114137,114782,110395,109929,116004,128672,254142,261888,250780,263434,289199
El Salvador,,,,,,,,,,,,,,,,,,,,,,100,,,,,,,250,450,,,,,210,310,300,20600,20730,20450,20299,20023,174,164,178,151,109,33,24,71,74,82,249,236,94,39,44,32,88,56,43,45,49,36,10149,9846,75738
Equatorial Guinea,,,,,,,,,,,,,,,,,,40000,,,,,,,,,,,,,,,,,,,,,,,,,,,,,,,,,,,,,,,,,,,,,,,,,
Eritrea,,,,,,,,,,,,,,,,,,,,,,,,,,,,,,,,,,,,,,,,,,,3,709,1083,2107,2606,2501,2972,1101999,3749,3724,4089,4707,6040,6680,7067,4993,4885,4959,4726,3679,3248,2932,2589,2366,2879
Estonia,,,,,,,,,,,,,,,,,,,,,,,,,,,,,,,,,,,,,,,,,,,,,,,,,,22,31,17,15,150556,136015,119217,116272,110344,104856,101032,97808,94305,91376,88261,85555,82950,80745
Ethiopia,,,,,,,,,,,,,,,,,,20000,20300,21000,22730,31860,19270,6290,11150,10690,10940,10930,10930,10930,5450,5550,31370,180480,180400,132400,310550,680852,710166,812394,899620,431824,272631,348074,393482,390528,373097,310042,280679,246329,203234,162819,139529,125579,105136,103251,108365,95619,125367,155370,290460,378732,440357,664774,739151,794132,1970960
Fiji,,,,,,,,,,,,,,,,,,,,,,,,,,,,,,,,,,,,,,,,,,,,,9,9,,,,,,,,,,2,1,6,6,7,8,13,14,24,20,14,17
Finland,,,,,,,,,,,,,,,,,,,,,,,,,,,,,,,,,,500,500,500,800,1065,2000,2348,4561,5950,8511,9511,10191,11434,12032,12303,13285,14853,12762,12663,11002,11401,12658,13084,7003,10766,13651,13954,15209,13903,14906,15882,39516,26672,26641
France,290000,280000,270000,263000,345415,363290,389480,381152,387201,245935,253375,259740,174057,175861,177665,179468,177200,176736,175242,158543,141844,98900,101830,105538,109882,114634,119413,126229,119489,121958,125597,152223,164113,169863,174213,180258,179306,183946,180263,193001,174770,156614,166368,195511,155261,151685,146565,140228,132293,133039,166161,166976,153852,199981,179541,184124,185124,203830,238084,250434,260641,268966,285468,309519,337616,368687,401698
French Guiana,,,,,,,,,,,,,,,,,,,,,,,,,,,,,,,,,,,,,,,6601,6601,6532,6247,11,11,,,,,,,,,,,,,,,,,,,,,,,
Gabon,,,,,,,,,,,,,,,,,,,4500,,,,,,60000,60000,90000,60200,60200,30000,400,640,,,,100,,,,417,220,272,82,604,792,803,2862,1131,15070,21024,19504,19443,20182,19375,13679,12640,13217,13317,13188,13231,13501,4421,4036,2907,2915,2840,829
Gambia,,,,,,,,,,,,,,,,,,,,,,,,,1240,,,,,,,,,,,,,,,78,241,3682,2190,2206,6599,7232,7279,10970,17546,12240,10357,12120,7610,8302,7974,14409,14963,15096,12523,8483,9558,10185,9807,11609,7854,7948,8077
Georgia,,,,,,,,,,,,,,,,,,,,,,,,,,,,,,,,,,,,,,,,,,,260000,280311,272500,272454,273548,277026,284411,280105,272154,265809,264488,240077,238602,309789,275618,435264,360501,362230,276088,281870,259574,265588,271755,276782,281295
Germany,265000,240000,228000,225000,219000,221000,217000,212000,205000,197000,190000,185000,182000,180000,180000,140000,112000,110000,113000,115000,125000,125000,125000,123000,122000,122000,120000,83500,87000,94000,100000,100000,115000,126600,475000,547900,596200,610200,628500,816000,821500,1236000,1418000,1354600,1267973,1296000,1144930,1047251,1017283,1045611,999241,1151473,1093944,976665,783980,671372,622261,648079,659659,670638,659820,682000,335562,455440,749487,1268845,1413089
Ghana,,,,,,,,,,,,,,,,,,,20000,,70,,,,130,180,170,70,300,,,100,90,90,120,160,150,140,130,8123,10158,12114,150100,322769,115399,86610,32578,17590,13612,13164,14189,42318,48112,50019,60245,60889,51375,31802,15108,14761,26699,23488,20611,21126,19307,13297,13459
Greece,18000,19000,18500,19000,17400,16000,16000,15700,15500,15500,15200,15700,15400,16000,15560,15300,12270,8260,6330,5710,5780,3350,2940,2710,2600,2560,2610,2520,3770,3750,3990,4180,4090,4320,4890,3280,4630,8262,7560,8788,9169,8456,7873,7793,4438,5823,5520,6145,6286,9032,13197,4593,10027,12864,14257,18970,30838,40539,50156,57428,45810,38527,73027,42879,51625,86611,83368
Grenada,,,,,,,,,,,,,,,,,,,,,,,,,,,,,,,,,,,,,,,,,,,,,,,,,,,,,,,,,,,,3,3,,,,1,1,0
Guatemala,,,,,,,,,,,,,,,,,,,,,,160,,,,,,,,4190,100000,70000,70000,70000,12000,12000,12000,223100,223100,224557,223676,223159,4792,12712,15207,12818,3212,893,815,758,749,745,721,661,394,386,381,135,135,140,157,162,175,277,3851,24202,62589
Guinea,,,,,,,,,,,,,,,,,,,,,,,,,,,,,,,,,,,,,,,,325000,547960,561981,586991,554162,678783,663855,448294,733258,572956,475125,257116,223367,216602,180193,96978,89610,35599,22594,16405,14994,17273,16463,9272,9052,9037,5424,5269
Guinea-Bissau,,,,,,,,,,,,,,,,,,,,,,,,,,,,,,,110,,,,,,,,,3004,4631,12873,21833,23909,15350,15406,15982,202154,222452,7650,8177,7711,7739,7707,7782,8144,8230,8213,8193,8014,7891,7897,8644,8810,8807,9295,11215
Guyana,,,,,,,,,,,,,,,,,,,,,,100,,200,,,,,,,,,,,,,,,,,,,,,,,1,,,,,,,,,,,,,7,8,7,11,12,12,11,16
Haiti,,,,,,,,,,,,,,,,,,,,,,,,,,,,,,,,,,,,,,,,,,,,,,,,,1,6,,,,,,,2,3,15,4,6,12,13,5,991,2312,2302
Honduras,,,,,,,,,,,,,,,,,,,,,,70,,,,,,15000,51160,25000,28000,32170,40150,51460,60000,68000,75550,249660,241898,272470,103061,101958,76,107,107,63,50,9,10,18,24,34,23,44,72,22,43,25,21,15,17,17,39,42,179144,178826,177234
Hungary,,,,,,,,,,,,,,,,,,,,,,,,,,,,,,,,,,,,,,,27000,45123,81488,32412,3033,2906,11398,11911,7319,3507,5462,6779,7128,7310,7857,8084,8922,8768,9967,10532,7006,5843,5555,4551,4439,18675,41218,8296,6469
Iceland,,,,,,,,,,,,,,,,,,,,,,,,,,,,,,,,,,,,,,,,85,141,154,160,160,197,232,260,294,285,261,231,230,252,258,375,298,85,213,219,235,245,297,477,428,471,471,753
India,,,,,,,,,,,,,,44000,45000,45000,50000,55000,56150,56500,56180,57680,58840,59900,,,,,,,3510,5600,7430,8690,8220,7890,6720,7825,10890,215093,214031,287828,264791,266488,238141,235301,239613,199109,180189,171052,169802,170913,170013,173029,142378,159492,165971,190070,192263,193676,191041,190771,193095,205720,208821,208257,207643
Indonesia,,,,,,,,,,,,,,,,,,,,,,,,,,,,2240,32330,45880,14900,13220,10070,9500,8230,4020,2450,2434,998,3567,4466,4532,3836,2197,2238,4926,43,50,290036,170807,92543,60715,16998,17076,410,578,560,753,2582,2894,4245,7949,10316,12146,14180,14440,13816
Iran (Islamic Rep. of),,,,,,,,,,,,2000,1500,,,,,300,300,,,,,,,,,,130100,330000,1565000,1700060,1900060,2000000,2300000,2590000,2760000,2894000,2850000,4174401,5738855,4367323,2495038,2465309,2283741,2137059,1994991,1960934,2017375,2099434,1887727,1683992,1304812,1692219,1319356,1213037,972434,988962,1083994,1085309,923779,890149,869683,986862,983631,981952,979525
Iraq,,,,,,,,,,,,,,,,,,,,,,,,,,,,,400,400,1200,1200,1200,1200,83200,111000,1000,,,900,88060,117600,109066,119895,116814,148510,140258,104656,129023,129056,128576,135802,50993,48269,1578229,2161064,2596825,3114803,1988787,1796331,1685377,1574349,1389687,4015955,4740388,5326009,4501770
Ireland,,,,,,,,,,,,,,,,,,,,,,,,,,,,,,,,,,500,600,600,540,480,420,360,300,500,121,420,400,155,431,608,3046,15568,14445,12378,13377,10242,9531,11346,13735,14344,12329,14237,13687,11871,11581,10578,11280,10152,12513
Israel,,,,,,,,,,,,,,,,,,,,,,,,,,,,,,,,,,,,,,,,,,,,,,,,30,351,6063,4731,4921,4883,574,1548,1765,6918,14870,21880,31055,47805,54544,52975,45284,44665,44665,55402
Italy,26500,25500,24500,21500,18500,21500,21000,21000,18500,15500,14500,14300,14600,14000,15000,14000,13000,13000,14000,13000,12700,12600,12600,13000,11900,11900,11700,11700,14100,21551,22610,22881,22081,21501,22402,21515,20426,19274,13917,10840,9813,9258,50276,73092,74304,65174,66720,5640,9953,7293,8631,10211,12890,16600,21615,27803,40473,47795,60133,61331,72763,79654,90267,140629,179182,247992,354663
Jamaica,,,,,,,,,,,,,,,,,,,,,,,,,,,,,,,,,,,,,,,,,4,140,67,73,58,25,33,37,37,39,,,,,,,,,33,21,20,20,22,22,17,24,21
Japan,,,,,,,,,,,,,,,,,,,,,,,,,,,600,610,1260,2390,2520,4390,4900,3967,4707,5016,5601,6110,6480,6820,6397,6669,6708,6489,5794,5294,4858,4494,4237,4034,3529,2973,2711,2465,4244,4888,5026,5882,6792,7030,7581,8392,10178,12491,16913,21941,33980
Jordan,,,,,,,,,,,,,,,,,,,,,50,50,,,,,,80,120,60,80,100,150,400,400,,,,130,640,960,270,468,585,762,1110,733,822,1026,8987,6376,4991,7945,13802,17864,519661,500657,502468,453830,453181,460559,308463,648022,673681,689339,720812,734809
Kazakhstan,,,,,,,,,,,,,,,,,,,,,,,,,,,,,,,,,,,,,,,,,,,5000,5030,15561,15577,15619,8354,15301,180957,120420,104456,34499,74171,57928,50222,12231,12080,12122,12689,11713,11273,11279,10088,8719,9244,8946
Kenya,,,,,,,,,,,,,,,,,,,,930,2600,2640,3220,2740,2450,2940,6010,6500,7210,4260,3380,4810,6760,8060,8890,9490,10480,13270,12964,14329,120223,420974,412014,328738,279188,225781,236174,243577,225582,216025,254349,236559,242366,249486,268212,393326,390689,1189249,882554,750954,921885,1038894,636056,606163,619728,548664,506896
Kuwait,,,,,,,,,,,,,,,,,,,,,,,,,,,,,5000,5000,2000,2220,2220,2810,2880,,,,210,,45590,44879,30000,30110,3515,4144,141787,142182,142481,140832,139335,139706,102707,102676,102726,109661,129860,132886,96206,96459,94453,94598,94780,94695,94670,94762,93562
Kyrgyzstan,,,,,,,,,,,,,,,,,,,,,,,,,,,,,,,,,,,,,,,,,,,21242,21239,13407,16707,15276,15700,18280,17485,10956,8558,6324,4222,103100,12404,10933,21101,25561,304176,210806,192768,12269,12822,9642,2793,1291
Lao People's Dem. Rep.,,,,,,,,,,,,,,,,,,,,,,700,,,70,110,100,120,110,30310,10400,3500,3500,1200,,,80,,,,,,,,,,,2,,1,,,,,,,,,,,,0,,,,,
Latvia,,,,,,,,,,,,,,,,,,,,,,,,,,,,,,,,,,,,,,,,,,,,,,,,2,9,12,10,19,17,452193,418658,393036,372666,365485,344358,327027,312688,281056,268143,263224,252582,243233,234271
Lebanon,,,,,,,,,,,,,,1310,570,3430,,4510,4510,,3050,3390,3880,,,700000,700000,5000,2900,5000,3200,8800,2920,2920,4890,5920,5900,4420,4350,2550,5223,6012,1187,1383,1878,2477,3062,3705,4175,8699,6500,2983,3084,3965,2979,772854,251051,51058,51341,9520,16126,136447,862763,1167288,1088282,1031303,1018375
Lesotho,,,,,,,,,,,,,,,,,,,,70,190,60,180,190,190,900,1130,990,740,10000,11500,11580,11500,11850,11500,11500,4000,4230,4248,214,220,117,60,60,,,,,1,,39,,,,,1,,,,,37,37,31,45,35,48,84
Liberia,,,,,,,,,,,,,,,,,,,1000,,60,,,,,,1550,,,,,,90,260,180,250,170,80,250,,,109998,150153,340276,440080,440073,294686,303382,237765,200864,265891,403674,600123,567851,508801,254072,10563,10265,9989,26626,265827,139550,73569,52332,50059,39570,11511
Libya,,,,,,,,,,,,,,,,,,,,,,,,,,,,,,,,,,,,,,,,,,,1185,2182,4565,9395,10404,10558,10657,11751,11679,11714,12156,12412,12401,4776,7125,11596,12412,11154,583545,251112,91443,400179,471825,662906,375817
Liechtenstein,,,,,,,,,,,,,,,,,,,,,,,,,,,,,,,,,,,,,,,,,,,,,,,,,,70,328,265,245,217,210,310,297,103,144,142,153,124,116,173,249,242,239
Lithuania,,,,,,,,,,,,,,,,,,,,,,,,,,,,,,,,,,,,,,,,,,,,,,,6,34,44,175,371,619,499,9526,9295,7796,6617,6751,4765,4553,4379,5077,4882,4794,4641,4641,5009
Luxembourg,1800,1800,1800,1800,1800,1900,1900,1900,1900,1900,1900,1900,1900,,,,,,,,,,,,,,,,,,,,,,,,,,,687,692,2208,225,300,700,700,700,700,894,954,1204,1201,1207,1590,1896,2310,2951,3331,3913,4124,4728,4326,2116,2471,3809,4342,3599
Madagascar,,,,,,,,,,,,,,,,,,,,,,,,,,,,,,,,,,,,,,,,,,,,73,,,,,28,51,34,15,,,,,,,,1,11,11,14,21,22,55,98
Malawi,,,,,,,,,,,,,,,,,,,,,,,,,,,,,,,,,,,,100000,443940,632143,826023,927235,981812,1058498,1058696,714709,1018,1268,280,1347,1700,3900,6210,13234,12064,7042,9620,9247,9726,10816,10256,15233,16919,16748,17005,20446,23489,36186,35318
Malaysia,,,,,,,,,,,,,,,,,,,,,,,,,,,96000,141580,124880,104040,128910,99240,110700,109060,105310,99000,99420,104553,110500,15161,14302,12155,1585,6575,6714,5531,5292,50632,50521,50587,50724,52189,78687,97538,106086,107670,140825,147312,177734,212870,217761,222011,260663,270714,246331,239505,241403
Mali,,,,,,,,,,,,,,,,,,,,,60,,,,,,,,,,,,,,,50,50,50,50,13461,13260,13109,15224,18800,17916,18434,18212,14613,8307,9129,9250,9814,10886,12408,13066,12485,11174,11494,15268,15261,18121,242274,311700,270654,131728,90588,84077
Malta,,,,,,,,,,,,,,,,,,,,,,,,,,,,,,,,,,,,,,,,,,,505,429,416,452,343,296,380,203,236,334,961,1699,2088,2615,3861,5562,7783,7431,8409,9015,10808,6273,7670,8850,9341
Mauritania,,,,,,,,,,,,,,,,,,,,,,,,,,,,,,,,,,,,,50,,15000,60000,35200,37500,51548,82229,38994,34395,21356,4366,30139,29894,29891,29921,30038,30146,30224,30379,30503,27119,26956,26967,26819,81308,97514,80606,78391,77564,78155
Mauritius,,,,,,,,,,,,,,,,,,,,,,,,,,,,,,,,,,,,,,,,,,,,,,,,,43,,14,,,,,,,,,,,,,,,5,0
Mexico,,,,,,,,,,,,,,,,,,,,3000,3000,3000,4000,3500,,,4000,5000,6320,44000,150000,167980,170000,175060,175000,175100,177090,358460,357797,357710,361610,363081,57773,53772,48315,40061,35454,32150,26510,18519,15468,12987,6222,4517,3390,3456,1665,1073,1331,1573,2313,1884,3196,4722,4286,8862,19347
Micronesia (Federated States of),,,,,,,,,,,,,,,,,,,,,,,,,,,,,,,,,,,,,,,,,,,,,,,,,,,,,,,,2,2,1,1,,,,,,14,4,
Monaco,,,,,,,,,,,,,,,,,,,,,,,,,,,,,,,,,,,,,,,,,,,,,,,,,,,,,,,,,,,,1,37,37,34,33,32,32,25
Mongolia,,,,,,,,,,,,,,,,,,,,,,,,,,,,,,,,,,,,,,,,,,,,,,,,,,,,,,,583,588,83,369,387,273,298,233,29,31,21,27,30
Montenegro,,,,,,,,,,,,,,,,,,,,,,,,,,,,,,,,,,,,,,,,,,,,,,,,,,,,,,,,23363,24831,26341,25738,18255,21248,20224,20200,20981,16033,15862,12813
Montserrat,,,,,,,,,,,,,,,,,,,,,,,,,,,,,,,,,,,,,,,,,,,,,,,,,,,,,,,,,,,,14,5,5,0,,,,
Morocco,3000,2900,2800,3500,,,,2700,2700,2700,2900,2900,3200,3000,2660,2180,3000,1480,1440,1440,1430,1380,860,620,510,360,500,500,500,340,500,510,540,800,860,800,800,800,303,311,322,319,337,336,55,56,57,901,901,2105,2544,2244,2299,376,2066,1879,1457,1243,1103,1072,1352,2925,5011,3052,5487,6735,6749
Mozambique,,,,,,,,,,,,,,,,,,,,,,,,,44570,30000,42460,100000,150000,150100,100,130,900,870,780,660,460,390,400,420,420,299,202,357,149,234,77,62,227,2485,5522,7190,9540,5586,6009,6880,7242,8176,7739,9992,13686,12606,15119,17861,20447,32786,45022
Myanmar,,,,,,,,,,,,,,,,,,,,,,,,,,,,,,,,,,,,,,,,,,,,,,,,,,,,,,,236495,728000,790861,790861,790861,859403,1147275,1238475,1209383,1186500,1414356,1302301,849733
Namibia,,,,,,,,,,,,,,,,,,,,,,,,,,,,,,,,,,,,,,,,,136,511,902,1146,1779,2298,2640,3820,7617,28407,32709,23548,31298,25694,9132,6643,7743,8138,8665,8768,7033,5708,5194,4251,4558,3482,4100
Nauru,,,,,,,,,,,,,,,,,,,,,,,,,,,,,,,,,,,,,,,,,,,,,,,,,,,,,,,,,,,,,,379,534,1122,808,808,1085
Nepal,,,,,,,,,,,,,,7000,7000,7000,7180,7730,7990,8060,7930,8000,8000,18970,8200,8300,8400,8500,8600,8700,8800,9800,10800,11800,12800,13800,14800,15800,16850,19270,28319,97711,105350,123271,124754,126815,129157,126101,127940,129248,130957,132447,134606,136319,538637,3640043,1032455,925872,909915,891317,874123,56734,46966,39012,33068,26170,22244
Netherlands,14200,14100,13900,12400,11400,13600,13500,13000,12800,12000,10000,10000,9500,9500,9000,8500,8000,8000,8000,8524,8600,8830,8400,8015,7850,7900,8000,8000,10000,12000,13000,14000,14500,15000,15500,16000,24000,25963,16971,17337,19020,29739,43538,62163,79960,102702,118075,131655,141527,231419,230660,207044,185996,155532,139725,118516,96933,91988,97802,90109,87956,85056,77137,91394,118545,114106,111602
New Zealand,,,,,,,,,,,,,,,,,3000,2000,2000,2000,,,,,,,,10000,10000,10000,10600,10600,10600,4500,4600,4400,4200,4150,4666,4666,16760,17310,3950,3668,3758,3788,3646,4097,4815,7279,7181,7077,6835,6096,5709,5137,2916,2868,3522,2524,2174,1793,1711,1989,1615,1724,1826
Nicaragua,,,,,,,,,,,,,,,,,,,,,,50,,,,,,,,4100,21370,23800,18500,18500,18010,8550,9210,16670,15340,16140,16063,14930,5858,444,602,573,477,474,471,368,346,341,317,293,228,208,209,147,121,76,92,140,208,342,463,667,729
Niger,,,,,,,,,,,,,,,,,,,,,,,,,,,1500,,,,,,,,,,,,,792,3555,3899,16694,15073,28446,27754,8610,7686,6570,505,529,341,370,387,386,338,340,344,365,337,425,50621,98605,154240,333271,304673,315703
Nigeria,,,,,,,,,,,,,,,,,,,,,,,,,,50,300,370,400,100000,105000,5240,4620,4570,5880,4880,6370,5393,4841,5331,3713,4842,4850,6208,8261,8536,9436,7632,7076,7287,7334,7659,10388,10505,12729,10343,9537,11704,10363,10596,10355,4367,2509,1190498,2174314,2911144,2379176
Norway,2500,2500,2500,2300,2300,2800,3400,3300,3100,3000,3000,3000,3000,,,,,,,2000,3000,3000,3000,3000,3000,1000,6000,6000,6000,6000,6000,6000,10000,10000,11800,13200,15000,10952,18500,19581,29054,29846,38376,44617,47611,49253,47829,45783,47195,49484,51671,52021,46963,45403,44177,52193,41468,50280,57548,55883,54960,54835,54585,56474,78412,70329,65479
Oman,,,,,,,,,,,,,,,,,,,,,,,,,,,,,,,,,,,,,,,,,,,,,,,,,,3,23,25,24,31,11,14,48,54,38,91,346,413,467,414,457,683,705
Pakistan,,,,,,,,,,,,,,,,,,,,,,,,,,,,,400000,1428230,2375330,2877480,2901750,2500000,2734890,2882100,3159000,3257927,3275775,3275265,3275261,2989268,1479266,1158182,1355798,1343161,1287245,1295490,1293849,2078866,2207377,2798849,1513549,1723621,1549243,1190164,2403811,2213896,4795384,4151024,2829714,2539353,2491252,2975772,3448561,2892017,1852634
Palau,,,,,,,,,,,,,,,,,,,,,,,,,,,,,,,,,,,,,,,,,,,,,,,,,,,,,,,,,,,12,0,2,3,1,1,,4,
Palestinian,,,,,,,,,,,,,,,,,,,,,,,,,,,,,,,,,,,,,,,,,,,,,,,,,,2,,,,,,,,,,,,,,,,,
Panama,,,,,,,,,,,,,,,,,,,,,,130,,1150,,,500,1050,2370,3320,1500,1820,1500,1500,1200,1270,1600,1992,1501,1440,1564,1077,990,1002,892,867,622,1188,1361,1665,1605,1757,1939,1929,12436,15597,17429,17526,17743,17558,18059,17796,18297,18675,20258,21823,58578
Papua New Guinea,,,,,,,,,,,,,,,,,,,,,,,,,,,,1000,1000,1000,150,2200,2080,11060,11820,12420,10950,9691,7812,8089,6638,6686,7902,8647,9601,10201,8198,8198,6666,7066,5254,5253,8227,7960,10138,10185,10015,10013,10017,9699,9378,9573,9782,9910,9955,9559,10018
Paraguay,,,,,,,,,,,,,,,,,,,4000,1500,1500,1400,,1160,,,1500,1500,1200,800,800,50,50,,80,60,50,50,50,66,66,45,54,62,60,53,47,32,19,23,33,25,32,47,58,61,76,79,93,115,133,143,137,167,214,237,261
Peru,,,,,,,,,,,,,,,,,,,,1500,1500,1550,,4600,600,440,1200,1160,6280,1460,1500,1390,650,560,700,600,640,654,691,724,793,780,738,793,610,719,750,436,702,696,746,832,900,998,1185,1400,1546,1662,1486,1411,1638,1600,1669,1690,1867,6041,70723
Philippines,,,,,,,,,,,,,,,,,,,,,,,,,690,940,1300,5300,5300,27190,23310,15240,18890,18270,16990,13830,13170,21109,26701,19980,9043,6852,2875,1436,925,1609,311,330,185,204,2178,2092,1843,1981,913,556,302,280,220,139893,159716,343630,335320,247917,325707,348372,633889
Poland,,,,,,,,,,,,,,,,,,,,,,,,,,,,,,,,,,,,,,,,,550,6449,810,393,600,600,835,898,1690,1048,1311,4150,3357,6039,6306,8838,16068,18016,18587,18444,19496,29126,29414,29251,28195,26003,25929
Portugal,,,,,,,,,,,,,,,,,,,,,,,,,150,,7500,7500,7600,7600,7600,7600,700,600,700,800,800,789,657,867,998,1778,600,248,248,315,319,339,1414,450,449,462,418,377,363,333,353,676,439,487,653,1233,1357,1057,1447,2066,1638
Qatar,,,,,,,,,,,,,,,,,,,,,,,,,,,,,,200,200,200,200,200,200,,,,,,,,,,,,,,6,35,79,69,96,6070,74,81,90,1250,1237,1267,1329,1337,1341,1421,1450,1519,1511
Rep. of Korea,,,,,,,,,,,,,,,,,,,,,,,,,,,,70,170,,60,70,,,,,60,120,230,230,162,149,,,5,8,3,1,7,52,75,89,167,291,588,710,1273,1697,1031,1249,1749,2214,3167,4866,7102,8865,11968
Rep. of Moldova,,,,,,,,,,,,,,,,,,,,,,,,,,,,,,,,,,,,,,,,,,,,,,,1278,1278,8088,8346,1284,1269,284,285,1775,1950,1898,1992,2209,2261,2268,2259,2366,2520,5571,5293,5025
Romania,,,,,,,,,,,,,,,,,,,,,,,,,,,1000,1000,1000,1000,1000,1000,1000,1000,,,,,,,651,830,1170,1170,195,269,640,989,1610,1685,1805,1897,2323,2237,2720,2058,2180,2152,1773,1730,2158,1620,2217,2874,3295,3228,5668
Russian Federation,,,,,,,,,,,,,,,,,,,,,,,,,,,,,,,,,,,,,,,,,,,120,90901,128119,408087,1531721,1129503,1453534,1341610,1139605,971969,805818,664772,483097,452485,249404,147916,137447,132555,221763,191109,189979,354497,418417,322805,210349
Rwanda,,,,,,,,,,,,,,,4000,250,,,,,,4000,6500,6000,7400,7500,7500,7670,8300,10760,18200,62000,52630,291130,48610,19400,19470,75202,23370,23921,34594,34842,277000,306000,9194,25257,61709,660499,671460,37216,36530,41550,39740,54059,64356,53752,56350,55463,57103,55690,55625,59781,73687,74337,146130,158167,191381
Saint Kitts and Nevis,,,,,,,,,,,,,,,,,,,,,,,,,,,,,,,,,,,,,,,,,,,,,,,,,,,,,,,,,,,0,,,1,2,2,,,5
Saint Lucia,,,,,,,,,,,,,,,,,,,,,,,,,,,,,,,,,,,,,,,,,,,,,,,3,,,,,,,,,,3,1,4,7,6,3,6,3,2,3,0
Saint Vincent and the Grenadines,,,,,,,,,,,,,,,,,,,,,,,,,,,,,,,,,,,,,,,,,,,,,,,,,,,,,,,,,,,1,0,1,0,,,,,
Samoa,,,,,,,,,,,,,,,,,,,,,,,,,,,,,,,,,,,,,,,,,,,,,,,,,,,,,,,,,,,,,,,,,3,3,0
Saudi Arabia,,,,,,,,,,,,,,,,,,,,,,,,100,,,,,100000,100000,65000,59000,59000,135500,130000,202100,,,,,35961,29180,24025,17965,13689,9892,5833,5625,5664,5548,245742,245522,245455,241215,310997,311169,311051,310895,70679,70669,70854,71026,70658,70717,70221,70190,70229
Senegal,,,,,,,,,,,,,6000,30000,50000,61400,61970,61890,68400,68400,80000,82050,84000,90000,86000,47000,5000,5000,5000,5000,4000,5250,5140,5200,5500,5510,5180,5203,53345,58163,73308,72110,74012,73025,68827,66863,62261,66823,25726,23071,23348,22649,23005,23242,23353,23244,23036,42937,36962,24250,24275,22793,16729,17188,17512,17804,17999
Serbia and Kosovo (S/RES/1244 (1999)),,,,,,,,,,,,,,,25820,26100,26210,26270,26120,26120,24000,26700,26290,26300,26300,26000,2000,1970,1970,1970,1920,2030,2020,3150,3790,2180,1400,850,1385,1160,737,516430,479111,450717,651216,564847,556922,876906,808684,858334,851867,744159,650694,627555,486938,416764,327571,340929,329347,312627,309391,304567,291139,271476,258746,259141,252498
Seychelles,,,,,,,,,,,,,,,,,,,,,,,,,,,,,,,,,,,,,,,,,,,,,,,,,,,,,,,,,,,,,,,,,,2,0
Sierra Leone,,,,,,,,,,,,,,,,,,,500,,,,,,,170,150,50,60,,,120,150,180,160,170,150,60,,125830,125836,5976,548280,798174,661839,668132,683511,680509,507699,507005,10775,63771,61335,80350,66344,60688,26361,9296,9328,8611,8232,5303,2881,1387,777,690,678
Singapore,,,,,,,,,,,,,,,,,,,,,,,,,,,,730,900,,6140,480,290,,,110,480,320,480,151,167,115,27,12,113,112,5,5,4,,4,4,3,4,4,11,34,10,7,7,3,3,3,5,1,1,0
Sint Maarten (Dutch part),,,,,,,,,,,,,,,,,,,,,,,,,,,,,,,,,,,,,,,,,,,,,,,,,,,,,,,,,,,,4,3,7,4,8,11,10,5
Slovakia,,,,,,,,,,,,,,,,,,,,,,,,,,,,,,,,,,,,,,,,,,,1521,167,2343,2584,769,424,536,853,3642,4953,5079,3334,3075,3019,1774,1536,1628,1639,840,2448,2562,2673,2604,2596,2449
Slovenia,,,,,,,,,,,,,,,,,,,,,,,,,,,,,,,,,,,,,,,,,,113760,45000,29156,22322,13011,7935,16146,18709,16931,8002,2450,3818,1413,1151,4872,4484,4491,4511,4554,262,311,249,349,403,785,868
Solomon Islands,,,,,,,,,,,,,,,,,,,,,,,,,,,,,,,,,,,,,,,,,,,,,2000,2000,800,210,,,,,,,,,,,,,,3,3,3,3,,
Somalia,,,,,,,,,,,,,,,,,,,,,,,,,,,500000,608880,1175190,2000000,700000,700000,700000,701300,812000,804430,870330,835850,774330,460000,,480,399,390,626,200743,250631,51980,337,18584,649,567,565,691,400591,401890,1009610,1288288,1576483,1489828,1364971,1154047,1250084,1157804,1156287,1587052,2187566
South Africa,,,,,,,,,,,,,,,,,,,,,,,,,,,,,,,,,,,,,,,,,,,250000,112895,122131,23642,6821,8435,14583,30221,30033,75839,110709,142984,169909,166272,207670,270958,357811,229735,277304,295700,303344,576171,1217726,309381,280027
South Sudan,,,,,,,,,,,,,,,,,,,,,,,,,,,,,,,,,,,,,,,,,,,,,,,,,,,,,,,,,,,,,665272,548286,560728,2096686,2056299,2883717,2202138
Spain,2000,,,2000,,,,,,,2000,2000,2000,14000,14000,17000,20000,20000,23000,29500,38000,40000,26000,18000,16000,16500,15000,15000,26000,21500,21500,23500,23700,9900,9300,10200,9200,8691,8676,8303,4003,4036,5002,5412,5864,5704,5535,5940,7743,7043,6806,6794,5914,5703,5401,5311,5167,4691,7281,6563,6935,7337,9251,13593,17917,34360,53994
Sri Lanka,,,,,,,,,,,,,,,,,,,,,,,,,,,,,,,,,,,,,,,,,15,21,29436,9104,200016,200017,200026,633544,612539,706554,731885,731879,462865,386216,352111,558867,618552,526262,530089,435264,283370,138466,84634,32668,54440,53355,42759
Sudan,,,,,,,,,,,,,,,,,33000,38300,38300,61200,61140,57610,50900,53700,95500,110100,151100,270090,372700,494000,561160,673000,690000,1007910,1351170,1164000,902460,828500,788119,1031050,828450,804100,764500,749700,702639,417266,382484,405088,392579,471054,391360,371016,170418,855554,1029748,1580819,1564884,1409700,1394167,1951521,2848173,2130665,2071296,2485690,3696478,2666834,3323608
Suriname,,,,,,,,,,,,,,,,,,,,,,,,,,,,,,,,,,,,,,,,,,52,52,50,,,11,,,,,,,,,,1,1,1,8,3,3,0,2,5,48,96
Swaziland,,,,,,,,,,,,,,,,,,,,135,50,80,100,50,50,80,135,720,5250,5470,5610,7350,6320,8980,10770,12130,14550,29430,34908,42074,50189,55580,54218,12247,737,759,595,592,616,690,1052,1021,1015,1010,1016,1010,1042,1221,1374,759,760,927,1045,799,967,1116,1327
Sweden,44000,42000,37000,33000,28000,31000,33000,31000,28000,26000,26000,26000,26000,24000,22000,20000,18000,17000,17000,20000,20000,20000,20000,20000,20000,20000,20000,20000,20000,20000,20000,20000,43000,90600,90600,120000,130000,139783,139783,109663,124470,131073,162403,200791,199227,191463,187495,179137,161151,169453,164478,178113,149500,102017,96402,103442,108484,107730,110374,110809,117399,127871,163999,226168,357629,349303,327657
Switzerland,10000,9800,9500,9400,9200,20700,20500,20000,20000,20000,20000,20000,20000,20000,20000,20500,21000,26000,30000,31000,30000,35000,35000,35000,35000,35000,30000,30000,30000,32000,40000,33404,32312,31201,30726,31343,31707,31949,36764,40943,45623,51930,56588,75295,82966,86213,87124,86724,98226,111986,85536,83710,76175,67327,63448,61764,56831,63539,63686,61856,67426,72532,74678,83636,106148,113547,116810
Syrian Arab Rep.,,,,,,,,,,,,,,,,,,,,,,,,,,,,170,200,350,1050,29070,40490,34230,48750,1330,,280,,4125,4210,6310,38715,40346,36245,27798,22704,21027,8595,6117,4179,3909,10027,316429,327988,1007423,1854653,1412103,1375763,1308112,1016511,2773166,6878441,7949617,6754318,7131909,7033108
Tajikistan,,,,,,,,,,,,,,,,,,,,,,,,,,,,,,,,,,,,,,,,,,3000,520300,16695,17370,26457,2174,14420,4541,15597,15725,15621,3889,2357,1065,1405,1554,2109,6838,7125,7702,6693,5724,3643,21881,20281,13456
Thailand,,,,,,,,,,,,,,,,,,,,,,,,,75940,82870,97600,138950,151620,445360,195930,170050,144915,128703,132765,122790,115380,108069,101944,103084,93357,77170,132166,108362,114272,112676,172902,146683,137520,105351,111059,113669,121715,122188,149352,151831,139132,3625512,3615553,649430,608807,605256,650627,644761,560852,599543,593211
The former Yugoslav Republic of Macedonia,,,,,,,,,,,,,,,,,,,,,,,,,,,,,,,,,,,,,,,,,,32000,31452,14981,9698,6300,3918,1801,254980,21190,83446,22470,9438,8093,4448,2761,2467,2893,3615,3290,2921,2541,2977,3259,1557,1312,1031
Timor-Leste,,,,,,,,,,,,,,,,,,,,,,,,,,,,,,,,,,,,,,,,,,,,,,,,,,5000,8,5,467,13,13,166964,72595,15877,11,5,2,1,2,6,6,2,0
Togo,,,,,,,,,,,5000,5000,5000,5000,5000,5000,,,200,,,,,,,100,,,,,,200,1770,1800,3050,2610,3460,3422,3461,3527,3476,3353,3280,12377,10878,12591,12683,12895,12114,12302,12335,12418,12738,11685,18719,9788,1469,9833,8695,14207,19716,24411,21706,22588,22806,13325,13159
Tonga,,,,,,,,,,,,,,,,,,,,,,,,,,,,,,,,,,,,,,,,,,,,,,,,,,,,,,,,,,,,3,3,3,3,0,,,
Trinidad and Tobago,,,,,,,,,,,,,,,,,,,,,,,,,,,,,,,,,,,,,,,,,,,,,,,,,,,,,,,,,125,132,233,131,42,25,62,170,201,328,2266
Tunisia,2000,,,2000,,,,1000,1000,1000,1000,1000,1000,1000,500,,,1000,,,100,,70,,,,,,,,,,,,,,,,,30,130,111,99,19,202,231,506,532,457,449,115,113,106,102,113,162,155,147,128,115,153604,2831,1094,1152,758,690,746
Turkey,2700,2000,2000,2500,2200,2100,2200,2150,2150,2200,2300,2300,2300,2300,2000,1900,1850,1980,1400,1170,1150,1160,1160,1060,1060,1060,1050,1070,1060,6100,1180,1670,1320,2600,1790,1920,2200,4450,33727,28330,30462,45817,23267,26192,12932,9838,3218,3931,22019,8566,7681,6113,6143,7065,8705,9184,12452,21740,19739,17833,36000,360733,804372,1694971,2754540,3116156,3789302
Turkmenistan,,,,,,,,,,,,,,,,,,,,,,,,,,,,,,,,,,,,,,,,,,,15400,15400,23323,22675,17787,17135,20801,15104,14857,14093,13678,13506,12010,760,8644,8587,12066,20062,11062,8993,8365,7577,7158,5771,3873
Turks and Caicos Islands,,,,,,,,,,,,,,,,,,,,,,,,,,,,,,,,,,,,,,,,,,,,,,,,,,,,,,,,,,,,,0,22,10,8,4,4,0
Uganda,,,,,,,,,,,52000,52000,59000,113000,154400,157000,162760,175730,177650,180370,182560,184900,168250,118610,112630,113130,113570,113680,112680,113000,120230,113000,132970,151060,151000,144060,88670,103102,129961,145778,162651,211640,286500,496500,329125,264540,274772,218461,219416,239367,200395,217887,231808,254968,260701,2169910,2126460,1694211,1054694,594380,298253,251813,295789,606606,699813,1162738,1575130
Ukraine,,,,,,,,,,,,,,,,,,,,,,,,,,,,,,,,,,,,,,,,,,,,5229,5197,3591,39564,111823,263744,264180,9742,17693,89068,84875,76860,73460,67290,64860,65904,46360,46625,42904,41720,867463,1645013,1845238,1844749
United Arab Emirates,,,,,,,,,,,,,,,,,,300,300,,870,870,3200,1200,,4000,390,390,590,2490,6090,3690,4090,5170,26350,,,,70,,,,433,481,424,489,519,529,501,897,917,440,455,157,183,206,223,274,925,624,2007,2217,1515,1064,1253,1507,2763
United Kingdom,208000,200000,192000,182000,175000,182000,179000,175000,170000,167000,164000,160000,157000,160000,170000,167000,164000,161000,162000,162000,150000,150000,150000,155500,153000,153000,148000,150000,146000,148000,146000,143000,140000,135000,135000,100000,100000,39759,46017,43632,43371,64960,80323,85263,90918,98807,108204,121732,150354,276534,273131,303793,301655,308977,316590,315032,311173,306288,282471,253259,211461,169764,151840,154371,169366,162576,162243
United Rep. of Tanzania,,,,,,,,,,,12000,12000,12000,25000,31000,36150,39950,46050,55150,71700,71530,165000,181070,200290,208060,157470,164610,160960,164030,159610,164180,158960,180100,179910,215790,223500,266200,265234,265128,265254,294093,299588,596296,1378636,843878,1008760,681141,613902,634575,711014,700890,764312,734693,691415,630650,552184,503814,432993,305199,273802,294645,299064,265270,252400,382625,462363,521281
United States of America,350000,500000,500000,500000,500000,500000,500000,500000,500000,500000,500000,500000,500000,500000,510000,500000,480000,498000,500000,500000,530000,530000,530000,530000,530000,500000,684700,734000,734000,403684,537375,620257,655532,626910,492806,398633,365726,377773,411508,464899,513904,579952,623071,631052,623294,607124,563842,533970,524048,895481,911806,881262,803821,684633,549159,967821,365163,348844,339955,270943,278300,282132,348967,455056,559372,712829,929837
Uruguay,,,,,,,,,,,,,,,,,,,,1500,1500,1500,,1250,,,2000,2000,2000,1700,1700,60,150,,110,70,110,110,170,167,131,140,163,147,140,147,133,165,88,88,91,99,100,108,130,154,180,184,216,229,225,221,245,328,380,687,8559
Uzbekistan,,,,,,,,,,,,,,,,,,,,,,,,,,,,,,,,,,,,,,,,,,,8000,8001,2687,2960,3159,1083,1020,39598,40923,46107,45770,45001,44542,1422,1060,842,556,313,214,176,141,86828,86810,86552,85575
Vanuatu,,,,,,,,,,,,,,,,,,,,,,,,,,,,,,,,,,,,,,,,,,,,,,,,,,,,,,,,,1,5,4,4,2,2,3,1,1,,
Venezuela (Bolivarian Republic of),,,,,,,,,,,,,,,,,,,15000,15000,15000,14700,15400,14350,,,16000,16000,16000,17800,17000,900,1100,1520,2020,1860,1900,2067,2168,2310,1860,2230,2608,2379,1653,1630,301,172,194,211,370,51077,28541,30507,206321,208474,210509,213097,215702,217406,219391,204560,205413,174027,175754,173111,123686
Viet Nam,,,,,,,,,,,,,,,,,,,,,57000,55000,35000,,,,60000,150000,155000,33000,33600,25960,21070,21000,25000,27200,25000,27000,23060,21150,20148,17403,5084,5000,34400,34400,15000,15000,15000,15945,15945,15945,15360,2360,17357,9557,9557,9557,9557,12128,11190,11500,11000,11000,11000,11000,29522
Yemen,,,,,,,,,,,,,,,,,,,,,,,,,,,50,15050,15360,15550,1030,1400,3680,4280,5200,105000,73000,78157,80130,2938,30037,59940,54450,49068,56701,53823,101564,92894,71355,62366,72382,84963,62512,67666,82783,97219,195438,241329,422588,508578,574698,736584,652061,688285,2835816,3280276,2419782
Zambia,,,,,,,,,,,,,,,5000,11290,12340,14300,13940,16000,18750,45000,37310,40570,45890,34070,65370,81820,59340,57060,41020,89530,103000,97120,104310,138720,147410,144718,140730,140959,142976,145614,149146,141126,133319,131222,194748,173902,206405,257165,285527,302003,270638,220551,185697,147227,123301,93665,76190,57869,49101,51509,54326,51856,52599,57237,68336
Zimbabwe,,,,,,,,,,,,,,,,,,,,,,,,,,,,,,50,5100,20200,50390,50500,62800,65180,135460,175383,176120,190950,197627,237863,109798,104963,26166,660,806,1655,2083,4195,9472,9972,13277,6889,13975,3815,4529,4038,4640,4851,59667,62740,67108,9171,310593,10058,18863